"locus","index","allele"
"NC_037124.1:12267397-12267697","-9","ND"
"NC_037124.1:12270118-12270418","-9","ND"
"NC_037124.1:12272852-12273152","-9","ND"
"NC_037124.1:12277401-12277701_Tasha-SNP-1","-9","ND"
"NC_037124.1:12279142-12279478","-9","ND"
"NC_037124.1:12281207-12281551","-9","ND"
"NC_037124.1:12310649-12310949_Tasha-SNP-2","-9","ND"
"OkiOts_120255-113","-9","ND"
"Ots_100884-287","-9","ND"
"Ots_101119-381","-9","ND"
"Ots_101704-143","-9","ND"
"Ots_102213-210","-9","ND"
"Ots_102414-395","-9","ND"
"Ots_102457-132","-9","ND"
"Ots_102801-308","-9","ND"
"Ots_102867-609","-9","ND"
"Ots_103041-52","-9","ND"
"Ots_104063-132","-9","ND"
"Ots_104569-86","-9","ND"
"Ots_105105-613","-9","ND"
"Ots_105132-200","-9","ND"
"Ots_105401-325","-9","ND"
"Ots_105407-117","-9","ND"
"Ots_106499-70","-9","ND"
"Ots_106747-239","-9","ND"
"Ots_107074-284","-9","ND"
"Ots_107285-93","-9","ND"
"Ots_107806-821","-9","ND"
"Ots_108007-208","-9","ND"
"Ots_108390-329","-9","ND"
"Ots_108735-302","-9","ND"
"Ots_109693-392","-9","ND"
"Ots_110064-383","-9","ND"
"Ots_110495-380","-9","ND"
"Ots_110551-64","-9","ND"
"Ots_111666-408","-9","ND"
"Ots_111681-657","-9","ND"
"Ots_112301-43","-9","ND"
"Ots_112419-131","-9","ND"
"Ots_112820-284","-9","ND"
"Ots_112876-371","-9","ND"
"Ots_113242-216","-9","ND"
"Ots_117043-255","-9","ND"
"Ots_117242-136","-9","ND"
"Ots_117432-409","-9","ND"
"Ots_118175-479","-9","ND"
"Ots_118205-61","-9","ND"
"Ots_118938-325","-9","ND"
"Ots_122414-56","-9","ND"
"Ots_123048-521","-9","ND"
"Ots_123921-111","-9","ND"
"Ots_124774-477","-9","ND"
"Ots_127236-62","-9","ND"
"Ots_128302-57","-9","ND"
"Ots_128693-461","-9","ND"
"Ots_128757-61","-9","ND"
"Ots_129144-472","-9","ND"
"Ots_129170-683","-9","ND"
"Ots_129458-451","-9","ND"
"Ots_130720-99","-9","ND"
"Ots_131460-584","-9","ND"
"Ots_94857-232","-9","ND"
"Ots_96222-525","-9","ND"
"Ots_96500-180","-9","ND"
"Ots_97077-179","-9","ND"
"Ots_99550-204","-9","ND"
"Ots_AldB1-122","-9","ND"
"Ots_AldoB4-183","-9","ND"
"Ots_AsnRS-60","-9","ND"
"Ots_aspat-196","-9","ND"
"Ots_BMP-2-SNP1","-9","ND"
"Ots_CD59-2","-9","ND"
"Ots_CD63","-9","ND"
"Ots_EP-529","-9","ND"
"Ots_GDH-81x","-9","ND"
"Ots_MHC1","-9","ND"
"Ots_mybp-85","-9","ND"
"Ots_myoD-364","-9","ND"
"Ots_NAML12_1-SNP1","-9","ND"
"Ots_Ots311-101x","-9","ND"
"Ots_PGK-54","-9","ND"
"Ots_Prl2","-9","ND"
"Ots_RFC2-558","-9","ND"
"Ots_S71-336","-9","ND"
"Ots_SClkF2R2-135","-9","ND"
"Ots_SWS1op-182","-9","ND"
"Ots_u07-07.161","-9","ND"
"Ots_u07-49.290","-9","ND"
"Ots_u4-92","-9","ND"
"Ots_unk_526","-9","ND"
"tag_id_1030","-9","ND"
"tag_id_1079","-9","ND"
"tag_id_1126","-9","ND"
"tag_id_115","-9","ND"
"tag_id_1191","-9","ND"
"tag_id_120","-9","ND"
"tag_id_1243","-9","ND"
"tag_id_1276","-9","ND"
"tag_id_1281","-9","ND"
"tag_id_1363","-9","ND"
"tag_id_1413","-9","ND"
"tag_id_1425","-9","ND"
"tag_id_1428","-9","ND"
"tag_id_1470","-9","ND"
"tag_id_1551","-9","ND"
"tag_id_1554","-9","ND"
"tag_id_1629","-9","ND"
"tag_id_1692","-9","ND"
"tag_id_1733","-9","ND"
"tag_id_186","-9","ND"
"tag_id_1872","-9","ND"
"tag_id_2_1016","-9","ND"
"tag_id_2_1114","-9","ND"
"tag_id_2_113","-9","ND"
"tag_id_2_1158","-9","ND"
"tag_id_2_123","-9","ND"
"tag_id_2_1268","-9","ND"
"tag_id_2_1348","-9","ND"
"tag_id_2_136","-9","ND"
"tag_id_2_1382","-9","ND"
"tag_id_2_1539","-9","ND"
"tag_id_2_1579","-9","ND"
"tag_id_2_1586","-9","ND"
"tag_id_2_1693","-9","ND"
"tag_id_2_188","-9","ND"
"tag_id_2_1887","-9","ND"
"tag_id_2_20","-9","ND"
"tag_id_2_206","-9","ND"
"tag_id_2_2222","-9","ND"
"tag_id_2_2275","-9","ND"
"tag_id_2_234","-9","ND"
"tag_id_2_251","-9","ND"
"tag_id_2_2632","-9","ND"
"tag_id_2_2741","-9","ND"
"tag_id_2_2787","-9","ND"
"tag_id_2_284","-9","ND"
"tag_id_2_2973","-9","ND"
"tag_id_2_3026","-9","ND"
"tag_id_2_3094","-9","ND"
"tag_id_2_311","-9","ND"
"tag_id_2_3182","-9","ND"
"tag_id_2_321","-9","ND"
"tag_id_2_332","-9","ND"
"tag_id_2_3452","-9","ND"
"tag_id_2_3471","-9","ND"
"tag_id_2_3577","-9","ND"
"tag_id_2_40","-9","ND"
"tag_id_2_414","-9","ND"
"tag_id_2_419","-9","ND"
"tag_id_2_487","-9","ND"
"tag_id_2_502","-9","ND"
"tag_id_2_58","-9","ND"
"tag_id_2_633","-9","ND"
"tag_id_2_661","-9","ND"
"tag_id_2_694","-9","ND"
"tag_id_2_700","-9","ND"
"tag_id_2_705","-9","ND"
"tag_id_2_749","-9","ND"
"tag_id_2_786","-9","ND"
"tag_id_2_855","-9","ND"
"tag_id_2_859","-9","ND"
"tag_id_2_9","-9","ND"
"tag_id_2_911","-9","ND"
"tag_id_2_935","-9","ND"
"tag_id_2_939","-9","ND"
"tag_id_2_953","-9","ND"
"tag_id_2_978","-9","ND"
"tag_id_2_98","-9","ND"
"tag_id_235","-9","ND"
"tag_id_251","-9","ND"
"tag_id_275","-9","ND"
"tag_id_278","-9","ND"
"tag_id_282","-9","ND"
"tag_id_3194","-9","ND"
"tag_id_32","-9","ND"
"tag_id_3221","-9","ND"
"tag_id_381","-9","ND"
"tag_id_384","-9","ND"
"tag_id_3920","-9","ND"
"tag_id_423","-9","ND"
"tag_id_425","-9","ND"
"tag_id_427","-9","ND"
"tag_id_430","-9","ND"
"tag_id_481","-9","ND"
"tag_id_4969","-9","ND"
"tag_id_5385","-9","ND"
"tag_id_542","-9","ND"
"tag_id_5617","-9","ND"
"tag_id_5686","-9","ND"
"tag_id_5720","-9","ND"
"tag_id_600","-9","ND"
"tag_id_603","-9","ND"
"tag_id_650","-9","ND"
"tag_id_664","-9","ND"
"tag_id_669","-9","ND"
"tag_id_684","-9","ND"
"tag_id_695","-9","ND"
"tag_id_70","-9","ND"
"tag_id_716","-9","ND"
"tag_id_744","-9","ND"
"tag_id_757","-9","ND"
"tag_id_773","-9","ND"
"tag_id_787","-9","ND"
"tag_id_819","-9","ND"
"tag_id_826","-9","ND"
"tag_id_871","-9","ND"
"tag_id_945","-9","ND"
"tag_id_968","-9","ND"
"tag_id_999","-9","ND"
"NC_037124.1:12267397-12267697","1","TCA"
"NC_037124.1:12270118-12270418","1","T"
"NC_037124.1:12272852-12273152","1","C"
"NC_037124.1:12277401-12277701_Tasha-SNP-1","1","CTA"
"NC_037124.1:12279142-12279478","1","AC"
"NC_037124.1:12281207-12281551","1","ACG"
"NC_037124.1:12310649-12310949_Tasha-SNP-2","1","TA"
"OkiOts_120255-113","1","A"
"Ots_100884-287","1","A"
"Ots_101119-381","1","A"
"Ots_101704-143","1","C"
"Ots_102213-210","1","G"
"Ots_102414-395","1","G"
"Ots_102457-132","1","GGTGGT"
"Ots_102801-308","1","AAGTC"
"Ots_102867-609","1","A"
"Ots_103041-52","1","TG"
"Ots_104063-132","1","TCA"
"Ots_104569-86","1","GA"
"Ots_105105-613","1","G"
"Ots_105132-200","1","T"
"Ots_105401-325","1","A"
"Ots_105407-117","1","TAT"
"Ots_106499-70","1","G"
"Ots_106747-239","1","T"
"Ots_107074-284","1","T"
"Ots_107285-93","1","AA"
"Ots_107806-821","1","AAA"
"Ots_108007-208","1","A"
"Ots_108390-329","1","GT"
"Ots_108735-302","1","TTTT"
"Ots_109693-392","1","CC"
"Ots_110064-383","1","C"
"Ots_110495-380","1","C"
"Ots_110551-64","1","G"
"Ots_111666-408","1","C"
"Ots_111681-657","1","T"
"Ots_112301-43","1","GT"
"Ots_112419-131","1","A"
"Ots_112820-284","1","C"
"Ots_112876-371","1","CT"
"Ots_113242-216","1","CC"
"Ots_117043-255","1","G"
"Ots_117242-136","1","GG"
"Ots_117432-409","1","CA"
"Ots_118175-479","1","CTCA"
"Ots_118205-61","1","CG"
"Ots_118938-325","1","CCT"
"Ots_122414-56","1","T"
"Ots_123048-521","1","A"
"Ots_123921-111","1","TAGC"
"Ots_124774-477","1","GA"
"Ots_127236-62","1","AT"
"Ots_128302-57","1","T"
"Ots_128693-461","1","C"
"Ots_128757-61","1","TGG"
"Ots_129144-472","1","G"
"Ots_129170-683","1","T"
"Ots_129458-451","1","AA"
"Ots_130720-99","1","A"
"Ots_131460-584","1","GA"
"Ots_94857-232","1","G"
"Ots_96222-525","1","T"
"Ots_96500-180","1","GT"
"Ots_97077-179","1","T"
"Ots_99550-204","1","C"
"Ots_AldB1-122","1","GGCGA"
"Ots_AldoB4-183","1","AA"
"Ots_AsnRS-60","1","T"
"Ots_aspat-196","1","C"
"Ots_BMP-2-SNP1","1","C"
"Ots_CD59-2","1","G"
"Ots_CD63","1","C"
"Ots_EP-529","1","C"
"Ots_GDH-81x","1","G"
"Ots_MHC1","1","G"
"Ots_mybp-85","1","AT"
"Ots_myoD-364","1","A"
"Ots_NAML12_1-SNP1","1","GT"
"Ots_Ots311-101x","1","AA"
"Ots_PGK-54","1","AG"
"Ots_Prl2","1","G"
"Ots_RFC2-558","1","XX"
"Ots_S71-336","1","G"
"Ots_SClkF2R2-135","1","A"
"Ots_SWS1op-182","1","A"
"Ots_u07-07.161","1","CC"
"Ots_u07-49.290","1","T"
"Ots_u4-92","1","T"
"Ots_unk_526","1","A"
"tag_id_1030","1","TTCGC"
"tag_id_1079","1","AGA"
"tag_id_1126","1","CAC"
"tag_id_115","1","TAA"
"tag_id_1191","1","CTC"
"tag_id_120","1","TCG"
"tag_id_1243","1","CGCT"
"tag_id_1276","1","AT"
"tag_id_1281","1","CAGCC"
"tag_id_1363","1","TGG"
"tag_id_1413","1","TGG"
"tag_id_1425","1","AAATTTTG"
"tag_id_1428","1","XTTT"
"tag_id_1470","1","CAT"
"tag_id_1551","1","GCCG"
"tag_id_1554","1","AT"
"tag_id_1629","1","GAAGACCGTCAGCGCTTTCCX"
"tag_id_1692","1","TAACCAT"
"tag_id_1733","1","CG"
"tag_id_186","1","AGTC"
"tag_id_1872","1","GA"
"tag_id_2_1016","1","GG"
"tag_id_2_1114","1","TGGT"
"tag_id_2_113","1","CT"
"tag_id_2_1158","1","GAGG"
"tag_id_2_123","1","ACTAT"
"tag_id_2_1268","1","CTGTA"
"tag_id_2_1348","1","GATAACACA"
"tag_id_2_136","1","GTT"
"tag_id_2_1382","1","AATTGG"
"tag_id_2_1539","1","TACC"
"tag_id_2_1579","1","AC"
"tag_id_2_1586","1","GG"
"tag_id_2_1693","1","CA"
"tag_id_2_188","1","TTAGT"
"tag_id_2_1887","1","CAG"
"tag_id_2_20","1","TCA"
"tag_id_2_206","1","CTATTCCA"
"tag_id_2_2222","1","GGC"
"tag_id_2_2275","1","AGCTTCGGATAACGCGACTTACATGAATGC"
"tag_id_2_234","1","CCTG"
"tag_id_2_251","1","AXT"
"tag_id_2_2632","1","XAA"
"tag_id_2_2741","1","AGAGC"
"tag_id_2_2787","1","AGG"
"tag_id_2_284","1","TCC"
"tag_id_2_2973","1","CTTGTAGAG"
"tag_id_2_3026","1","GGG"
"tag_id_2_3094","1","GAG"
"tag_id_2_311","1","GGCG"
"tag_id_2_3182","1","TATGCTTTGGTTTTCGGAGA"
"tag_id_2_321","1","GCA"
"tag_id_2_332","1","TCA"
"tag_id_2_3452","1","AAC"
"tag_id_2_3471","1","GTG"
"tag_id_2_3577","1","GAAG"
"tag_id_2_40","1","TAAGTGGTGAGAGGAATAT"
"tag_id_2_414","1","CC"
"tag_id_2_419","1","GTG"
"tag_id_2_487","1","ATA"
"tag_id_2_502","1","CTC"
"tag_id_2_58","1","CCGG"
"tag_id_2_633","1","ATGACGGC"
"tag_id_2_661","1","CGG"
"tag_id_2_694","1","GT"
"tag_id_2_700","1","AA"
"tag_id_2_705","1","AACC"
"tag_id_2_749","1","GG"
"tag_id_2_786","1","CGT"
"tag_id_2_855","1","AG"
"tag_id_2_859","1","GGG"
"tag_id_2_9","1","GC"
"tag_id_2_911","1","TG"
"tag_id_2_935","1","TCG"
"tag_id_2_939","1","TTGA"
"tag_id_2_953","1","TTGG"
"tag_id_2_978","1","CA"
"tag_id_2_98","1","GTGA"
"tag_id_235","1","GC"
"tag_id_251","1","ACAACT"
"tag_id_275","1","GCC"
"tag_id_278","1","GACTT"
"tag_id_282","1","ACA"
"tag_id_3194","1","ATAATT"
"tag_id_32","1","GCATAATG"
"tag_id_3221","1","GGCC"
"tag_id_381","1","GTTCAA"
"tag_id_384","1","GGA"
"tag_id_3920","1","XGTGGG"
"tag_id_423","1","TGCAATC"
"tag_id_425","1","CGGC"
"tag_id_427","1","CA"
"tag_id_430","1","CTGA"
"tag_id_481","1","TGGTCGGGGTGCAACTTCCATCGA"
"tag_id_4969","1","GATCTAT"
"tag_id_5385","1","CGC"
"tag_id_542","1","CTTA"
"tag_id_5617","1","GAA"
"tag_id_5686","1","TAAG"
"tag_id_5720","1","CCTG"
"tag_id_600","1","GGG"
"tag_id_603","1","TTA"
"tag_id_650","1","GGTCTG"
"tag_id_664","1","TCA"
"tag_id_669","1","GC"
"tag_id_684","1","AGT"
"tag_id_695","1","TTTX"
"tag_id_70","1","AA"
"tag_id_716","1","GCG"
"tag_id_744","1","GA"
"tag_id_757","1","G"
"tag_id_773","1","CT"
"tag_id_787","1","XTCA"
"tag_id_819","1","CGG"
"tag_id_826","1","ATC"
"tag_id_871","1","GAA"
"tag_id_945","1","GCCGCGGA"
"tag_id_968","1","T"
"tag_id_999","1","GT"
"NC_037124.1:12267397-12267697","2","TTX"
"NC_037124.1:12270118-12270418","2","C"
"NC_037124.1:12272852-12273152","2","T"
"NC_037124.1:12277401-12277701_Tasha-SNP-1","2","GAA"
"NC_037124.1:12279142-12279478","2","GT"
"NC_037124.1:12281207-12281551","2","TAT"
"NC_037124.1:12310649-12310949_Tasha-SNP-2","2","TT"
"OkiOts_120255-113","2","X"
"Ots_100884-287","2","G"
"Ots_101119-381","2","G"
"Ots_101704-143","2","A"
"Ots_102213-210","2","A"
"Ots_102414-395","2","A"
"Ots_102457-132","2","GATGGA"
"Ots_102801-308","2","AATTC"
"Ots_102867-609","2","G"
"Ots_103041-52","2","CG"
"Ots_104063-132","2","TTA"
"Ots_104569-86","2","GC"
"Ots_105105-613","2","C"
"Ots_105132-200","2","G"
"Ots_105401-325","2","C"
"Ots_105407-117","2","AAT"
"Ots_106499-70","2","C"
"Ots_106747-239","2","G"
"Ots_107074-284","2","A"
"Ots_107285-93","2","AG"
"Ots_107806-821","2","ATA"
"Ots_108007-208","2","T"
"Ots_108390-329","2","CT"
"Ots_108735-302","2","TCTT"
"Ots_109693-392","2","CA"
"Ots_110064-383","2","T"
"Ots_110495-380","2","G"
"Ots_110551-64","2","T"
"Ots_111666-408","2","T"
"Ots_111681-657","2","G"
"Ots_112301-43","2","AT"
"Ots_112419-131","2","T"
"Ots_112820-284","2","T"
"Ots_112876-371","2","CG"
"Ots_113242-216","2","TC"
"Ots_117043-255","2","T"
"Ots_117242-136","2","AG"
"Ots_117432-409","2","CG"
"Ots_118175-479","2","CCCG"
"Ots_118205-61","2","CA"
"Ots_118938-325","2","TCT"
"Ots_122414-56","2","C"
"Ots_123048-521","2","C"
"Ots_123921-111","2","CAGC"
"Ots_124774-477","2","AA"
"Ots_127236-62","2","TT"
"Ots_128302-57","2","C"
"Ots_128693-461","2","T"
"Ots_128757-61","2","TGA"
"Ots_129144-472","2","T"
"Ots_129170-683","2","G"
"Ots_129458-451","2","GA"
"Ots_130720-99","2","G"
"Ots_131460-584","2","AA"
"Ots_94857-232","2","A"
"Ots_96222-525","2","C"
"Ots_96500-180","2","TT"
"Ots_97077-179","2","G"
"Ots_99550-204","2","T"
"Ots_AldB1-122","2","GGCTA"
"Ots_AldoB4-183","2","GA"
"Ots_AsnRS-60","2","C"
"Ots_aspat-196","2","G"
"Ots_BMP-2-SNP1","2","T"
"Ots_CD59-2","2","A"
"Ots_CD63","2","A"
"Ots_EP-529","2","T"
"Ots_GDH-81x","2","X"
"Ots_MHC1","2","A"
"Ots_mybp-85","2","AC"
"Ots_myoD-364","2","C"
"Ots_NAML12_1-SNP1","2","AT"
"Ots_Ots311-101x","2","XX"
"Ots_PGK-54","2","TG"
"Ots_Prl2","2","A"
"Ots_RFC2-558","2","AA"
"Ots_S71-336","2","A"
"Ots_SClkF2R2-135","2","T"
"Ots_SWS1op-182","2","T"
"Ots_u07-07.161","2","TC"
"Ots_u07-49.290","2","C"
"Ots_u4-92","2","C"
"Ots_unk_526","2","G"
"tag_id_1030","2","GGAGT"
"tag_id_1079","2","CGA"
"tag_id_1126","2","CCT"
"tag_id_115","2","CGG"
"tag_id_1191","2","ATC"
"tag_id_120","2","TTG"
"tag_id_1243","2","CGCC"
"tag_id_1276","2","GA"
"tag_id_1281","2","CAACC"
"tag_id_1363","2","AGG"
"tag_id_1413","2","CGG"
"tag_id_1425","2","AAAAATTG"
"tag_id_1428","2","XTTA"
"tag_id_1470","2","CTT"
"tag_id_1551","2","ACCG"
"tag_id_1554","2","TC"
"tag_id_1629","2","GAAGACTGTCAGCGCTTTCCA"
"tag_id_1692","2","CAACAAT"
"tag_id_1733","2","TG"
"tag_id_186","2","XGTC"
"tag_id_1872","2","GG"
"tag_id_2_1016","2","GT"
"tag_id_2_1114","2","GGGA"
"tag_id_2_113","2","GT"
"tag_id_2_1158","2","GAGA"
"tag_id_2_123","2","ACAAT"
"tag_id_2_1268","2","CTGGA"
"tag_id_2_1348","2","AATAACACA"
"tag_id_2_136","2","GTA"
"tag_id_2_1382","2","AATTTG"
"tag_id_2_1539","2","TACA"
"tag_id_2_1579","2","TT"
"tag_id_2_1586","2","AC"
"tag_id_2_1693","2","CG"
"tag_id_2_188","2","TAGAT"
"tag_id_2_1887","2","CTG"
"tag_id_2_20","2","TCG"
"tag_id_2_206","2","CTGTTCCA"
"tag_id_2_2222","2","GTC"
"tag_id_2_2275","2","AGCTTCGGATAACGCGACTTACATGAACGC"
"tag_id_2_234","2","CCCG"
"tag_id_2_251","2","AXA"
"tag_id_2_2632","2","XGA"
"tag_id_2_2741","2","GGAGC"
"tag_id_2_2787","2","AGA"
"tag_id_2_284","2","TGC"
"tag_id_2_2973","2","CTTATAGAG"
"tag_id_2_3026","2","AGG"
"tag_id_2_3094","2","GAA"
"tag_id_2_311","2","AGCG"
"tag_id_2_3182","2","TATGCTTTGTTTTTCGGAGA"
"tag_id_2_321","2","GAC"
"tag_id_2_332","2","TTA"
"tag_id_2_3452","2","AGT"
"tag_id_2_3471","2","TTG"
"tag_id_2_3577","2","TAAA"
"tag_id_2_40","2","TAAGTGGTGAGAGGAATGT"
"tag_id_2_414","2","TC"
"tag_id_2_419","2","GCC"
"tag_id_2_487","2","ATG"
"tag_id_2_502","2","CCC"
"tag_id_2_58","2","CCAG"
"tag_id_2_633","2","ATXXCGGC"
"tag_id_2_661","2","CGA"
"tag_id_2_694","2","GC"
"tag_id_2_700","2","TA"
"tag_id_2_705","2","GACC"
"tag_id_2_749","2","TG"
"tag_id_2_786","2","TGT"
"tag_id_2_855","2","AA"
"tag_id_2_859","2","GGC"
"tag_id_2_9","2","TA"
"tag_id_2_911","2","AT"
"tag_id_2_935","2","CCG"
"tag_id_2_939","2","TTGG"
"tag_id_2_953","2","CGAG"
"tag_id_2_978","2","TA"
"tag_id_2_98","2","ATGA"
"tag_id_235","2","GG"
"tag_id_251","2","ACAAAT"
"tag_id_275","2","GCA"
"tag_id_278","2","GAGTT"
"tag_id_282","2","TGT"
"tag_id_3194","2","ACATTT"
"tag_id_32","2","GCATGATA"
"tag_id_3221","2","GCTA"
"tag_id_381","2","GTACTA"
"tag_id_384","2","TAA"
"tag_id_3920","2","XCTGAG"
"tag_id_423","2","AGCAATC"
"tag_id_425","2","TGGC"
"tag_id_427","2","CG"
"tag_id_430","2","CTGG"
"tag_id_481","2","TGGTCGGGTTGCAACTTCCATCGA"
"tag_id_4969","2","GAGCTAC"
"tag_id_5385","2","CAC"
"tag_id_542","2","CTCA"
"tag_id_5617","2","TAA"
"tag_id_5686","2","TACG"
"tag_id_5720","2","CCCG"
"tag_id_600","2","TGT"
"tag_id_603","2","GAA"
"tag_id_650","2","GATCCG"
"tag_id_664","2","GCA"
"tag_id_669","2","AC"
"tag_id_684","2","GGT"
"tag_id_695","2","TATX"
"tag_id_70","2","TA"
"tag_id_716","2","TCG"
"tag_id_744","2","GC"
"tag_id_757","2","A"
"tag_id_773","2","CC"
"tag_id_787","2","TTCA"
"tag_id_819","2","CAG"
"tag_id_826","2","AA"
"tag_id_871","2","GGC"
"tag_id_945","2","G"
"tag_id_968","2","C"
"tag_id_999","2","GA"
"NC_037124.1:12267397-12267697","3","CTX"
"NC_037124.1:12277401-12277701_Tasha-SNP-1","3","GTT"
"NC_037124.1:12279142-12279478","3","GC"
"NC_037124.1:12310649-12310949_Tasha-SNP-2","3","AA"
"OkiOts_120255-113","3","G"
"Ots_102457-132","3","GGTGAT"
"Ots_102801-308","3","AAGGC"
"Ots_103041-52","3","T"
"Ots_104063-132","3","C"
"Ots_104569-86","3","AC"
"Ots_105401-325","3","T"
"Ots_105407-117","3","AAG"
"Ots_107285-93","3","TA"
"Ots_107806-821","3","TAC"
"Ots_108390-329","3","GC"
"Ots_108735-302","3","CCTT"
"Ots_109693-392","3","C"
"Ots_110495-380","3","A"
"Ots_112301-43","3","G"
"Ots_112876-371","3","G"
"Ots_113242-216","3","CT"
"Ots_117242-136","3","GA"
"Ots_117432-409","3","AG"
"Ots_118175-479","3","CCCA"
"Ots_118205-61","3","TG"
"Ots_118938-325","3","CC"
"Ots_123921-111","3","CAAC"
"Ots_124774-477","3","AC"
"Ots_127236-62","3","TC"
"Ots_128757-61","3","CAA"
"Ots_129458-451","3","AG"
"Ots_131460-584","3","GT"
"Ots_96500-180","3","TC"
"Ots_AldB1-122","3","GGTGG"
"Ots_AldoB4-183","3","AT"
"Ots_mybp-85","3","GT"
"Ots_NAML12_1-SNP1","3","AA"
"Ots_u07-07.161","3","C"
"Ots_u07-49.290","3","X"
"tag_id_1030","3","GTAGC"
"tag_id_1079","3","AGC"
"tag_id_1126","3","AAC"
"tag_id_1191","3","ACC"
"tag_id_120","3","GCG"
"tag_id_1243","3","TGTC"
"tag_id_1281","3","AAACC"
"tag_id_1363","3","AAG"
"tag_id_1413","3","CGA"
"tag_id_1425","3","AATTTTTG"
"tag_id_1428","3","GTCT"
"tag_id_1470","3","CAC"
"tag_id_1551","3","GTTG"
"tag_id_1554","3","TT"
"tag_id_1629","3","TGCGTCTAGGTTCAACAGTAA"
"tag_id_1692","3","TAATCAT"
"tag_id_1733","3","CT"
"tag_id_186","3","XGCG"
"tag_id_1872","3","AG"
"tag_id_2_1016","3","TG"
"tag_id_2_1114","3","TGGA"
"tag_id_2_113","3","CC"
"tag_id_2_1158","3","GTGA"
"tag_id_2_123","3","TAAAC"
"tag_id_2_1268","3","GTGTA"
"tag_id_2_1348","3","AATAACGCA"
"tag_id_2_136","3","GAA"
"tag_id_2_1382","3","AATTGT"
"tag_id_2_1539","3","TAAC"
"tag_id_2_1579","3","TC"
"tag_id_2_1586","3","GC"
"tag_id_2_1693","3","AA"
"tag_id_2_188","3","TTAAT"
"tag_id_2_1887","3","CAT"
"tag_id_2_20","3","TAG"
"tag_id_2_206","3","CCGTTCCA"
"tag_id_2_2222","3","GGT"
"tag_id_2_2275","3","AGCTTCGGATAACGCGACTTACATCAACGC"
"tag_id_2_234","3","CTTG"
"tag_id_2_251","3","TXT"
"tag_id_2_2632","3","AAC"
"tag_id_2_2741","3","GGGGC"
"tag_id_2_2787","3","CGA"
"tag_id_2_284","3","GCA"
"tag_id_2_2973","3","TTTGTAGAG"
"tag_id_2_3026","3","GAT"
"tag_id_2_3094","3","AAA"
"tag_id_2_311","3","GGTG"
"tag_id_2_3182","3","TATGATTTGGTTTTCGGAGA"
"tag_id_2_321","3","AAA"
"tag_id_2_332","3","TCG"
"tag_id_2_3452","3","CAC"
"tag_id_2_3471","3","GCT"
"tag_id_2_3577","3","GTCA"
"tag_id_2_40","3","TAAGTGGTGAGAGAATGT"
"tag_id_2_414","3","TA"
"tag_id_2_419","3","GCG"
"tag_id_2_487","3","ACG"
"tag_id_2_502","3","CTT"
"tag_id_2_58","3","CCGA"
"tag_id_2_633","3","CTGACGGC"
"tag_id_2_661","3","CAG"
"tag_id_2_694","3","AT"
"tag_id_2_700","3","AT"
"tag_id_2_705","3","ATTT"
"tag_id_2_749","3","GA"
"tag_id_2_786","3","CGC"
"tag_id_2_855","3","GG"
"tag_id_2_859","3","GCG"
"tag_id_2_911","3","AG"
"tag_id_2_935","3","TAG"
"tag_id_2_939","3","TTAG"
"tag_id_2_953","3","TGGA"
"tag_id_2_978","3","TC"
"tag_id_2_98","3","GTGC"
"tag_id_235","3","AC"
"tag_id_251","3","GCAGCT"
"tag_id_275","3","GTC"
"tag_id_278","3","AAGTT"
"tag_id_3194","3","ACAT"
"tag_id_32","3","ACATGTTA"
"tag_id_3221","3","GCCA"
"tag_id_381","3","AT"
"tag_id_384","3","GGT"
"tag_id_3920","3","GGTGGG"
"tag_id_423","3","TC"
"tag_id_425","3","TGAC"
"tag_id_427","3","GA"
"tag_id_430","3","ATGG"
"tag_id_481","3","TGGTCGGGGTGCAACTACAATCGA"
"tag_id_4969","3","GATCTAC"
"tag_id_5385","3","CGT"
"tag_id_542","3","TCCA"
"tag_id_5617","3","GGG"
"tag_id_5686","3","TGCG"
"tag_id_5720","3","GCCG"
"tag_id_600","3","TGG"
"tag_id_603","3","GAG"
"tag_id_650","3","GGTCCG"
"tag_id_664","3","TTA"
"tag_id_669","3","GT"
"tag_id_684","3","AGG"
"tag_id_695","3","TTTG"
"tag_id_70","3","TG"
"tag_id_716","3","GTG"
"tag_id_744","3","TA"
"tag_id_773","3","TC"
"tag_id_787","3","TGCA"
"tag_id_819","3","CGA"
"tag_id_826","3","AC"
"tag_id_871","3","TAA"
"tag_id_945","3","C"
"tag_id_968","3","GT"
"tag_id_999","3","AT"
"NC_037124.1:12277401-12277701_Tasha-SNP-1","4","GTA"
"NC_037124.1:12310649-12310949_Tasha-SNP-2","4","TG"
"Ots_102457-132","4","GATCGA"
"Ots_102801-308","4","GCGTT"
"Ots_103041-52","4","C"
"Ots_104063-132","4","T"
"Ots_105407-117","4","AGT"
"Ots_109693-392","4","A"
"Ots_112301-43","4","A"
"Ots_112876-371","4","T"
"Ots_118175-479","4","ACCA"
"Ots_118938-325","4","TC"
"Ots_123921-111","4","CGAC"
"Ots_128757-61","4","CGG"
"Ots_AldB1-122","4","GGTGA"
"Ots_u07-07.161","4","T"
"tag_id_1030","4","GGAGC"
"tag_id_1079","4","CTA"
"tag_id_1191","4","CTT"
"tag_id_120","4","TCA"
"tag_id_1243","4","CTCC"
"tag_id_1281","4","CAAAC"
"tag_id_1363","4","TGA"
"tag_id_1413","4","CG"
"tag_id_1425","4","AAAAAAAG"
"tag_id_1428","4","XTCT"
"tag_id_1470","4","TAC"
"tag_id_1551","4","ACC"
"tag_id_1629","4","GAAGACTGTCAGCGCTTTCCX"
"tag_id_1692","4","CAACACT"
"tag_id_186","4","ACTC"
"tag_id_2_1114","4","TT"
"tag_id_2_1158","4","AAGA"
"tag_id_2_123","4","TAAAT"
"tag_id_2_1268","4","CTGTT"
"tag_id_2_1348","4","XXXXXCACA"
"tag_id_2_136","4","AAA"
"tag_id_2_1382","4","AATTTT"
"tag_id_2_1539","4","TCCC"
"tag_id_2_188","4","TTAAC"
"tag_id_2_1887","4","TAG"
"tag_id_2_20","4","CCG"
"tag_id_2_206","4","CATGG"
"tag_id_2_2222","4","ATC"
"tag_id_2_2275","4","AGCTTCGGATAATGCGACTTACATGAATGC"
"tag_id_2_234","4","ACTG"
"tag_id_2_2632","4","AAA"
"tag_id_2_2741","4","AAAA"
"tag_id_2_2787","4","ATG"
"tag_id_2_284","4","GGA"
"tag_id_2_2973","4","CTTGTAGG"
"tag_id_2_3026","4","GG"
"tag_id_2_3094","4","GTA"
"tag_id_2_311","4","GC"
"tag_id_2_3182","4","TATGCTTTGGTTTTCGAAGA"
"tag_id_2_321","4","GCG"
"tag_id_2_332","4","CA"
"tag_id_2_3452","4","AAT"
"tag_id_2_3471","4","TG"
"tag_id_2_3577","4","GTAA"
"tag_id_2_40","4","TAAGTGGTGAGAGAATAT"
"tag_id_2_419","4","TTG"
"tag_id_2_487","4","GTG"
"tag_id_2_502","4","TTC"
"tag_id_2_58","4","CAGG"
"tag_id_2_633","4","AAG"
"tag_id_2_661","4","TGG"
"tag_id_2_705","4","ATTC"
"tag_id_2_786","4","CAT"
"tag_id_2_859","4","AGC"
"tag_id_2_911","4","G"
"tag_id_2_935","4","TAT"
"tag_id_2_939","4","TTXX"
"tag_id_2_953","4","TGGG"
"tag_id_2_98","4","GTAA"
"tag_id_251","4","AAC"
"tag_id_275","4","ACC"
"tag_id_3194","4","ACTT"
"tag_id_32","4","GTATGATA"
"tag_id_3221","4","AGCC"
"tag_id_381","4","TA"
"tag_id_3920","4","XGTGGA"
"tag_id_423","4","TA"
"tag_id_425","4","TAGC"
"tag_id_430","4","CGTG"
"tag_id_481","4","TGTCGGGTGCAACTTCCATGA"
"tag_id_4969","4","AAGCTAC"
"tag_id_5385","4","GAC"
"tag_id_542","4","TCTA"
"tag_id_5686","4","TACA"
"tag_id_5720","4","CCCC"
"tag_id_600","4","TTG"
"tag_id_603","4","TT"
"tag_id_650","4","GGTTCG"
"tag_id_664","4","TCC"
"tag_id_684","4","ATT"
"tag_id_695","4","AATX"
"tag_id_716","4","GCA"
"tag_id_787","4","TTTG"
"tag_id_819","4","AGG"
"tag_id_826","4","ATA"
"tag_id_871","4","GAC"
"tag_id_945","4","GCCGCCGA"
"Ots_102457-132","5","AGCTAT"
"Ots_102801-308","5","AXXTC"
"Ots_103041-52","5","CA"
"Ots_104063-132","5","ACG"
"Ots_105407-117","5","TGT"
"Ots_109693-392","5","TC"
"Ots_112301-43","5","GG"
"Ots_118175-479","5","CCGG"
"Ots_118938-325","5","TG"
"Ots_123921-111","5","TAGA"
"Ots_AldB1-122","5","XGTGA"
"tag_id_1030","5","TTAGC"
"tag_id_1281","5","CAGCT"
"tag_id_1413","5","TG"
"tag_id_1425","5","AAAATTTG"
"tag_id_1428","5","XATT"
"tag_id_1470","5","AT"
"tag_id_1551","5","GTT"
"tag_id_1629","5","GAAGACTGTCAGCGCCTTCCA"
"tag_id_1692","5","TAACAAA"
"tag_id_186","5","XGXC"
"tag_id_2_1114","5","GA"
"tag_id_2_1158","5","AAAA"
"tag_id_2_123","5","AAAAT"
"tag_id_2_1268","5","CATTA"
"tag_id_2_1348","5","AXGCGCGCA"
"tag_id_2_1382","5","AATTTX"
"tag_id_2_1539","5","GACC"
"tag_id_2_188","5","ATAAT"
"tag_id_2_20","5","TTG"
"tag_id_2_206","5","TTGTTCCA"
"tag_id_2_2275","5","AGCTCGGATACGACTACATGAATGC"
"tag_id_2_234","5","CCCA"
"tag_id_2_2632","5","XAC"
"tag_id_2_2741","5","AGAGA"
"tag_id_2_284","5","GGC"
"tag_id_2_2973","5","CTTATAGG"
"tag_id_2_311","5","AC"
"tag_id_2_3182","5","TATGC"
"tag_id_2_321","5","GAA"
"tag_id_2_332","5","TA"
"tag_id_2_3577","5","GAAA"
"tag_id_2_40","5","CAAGTGGTGAGAGAATAT"
"tag_id_2_419","5","GGG"
"tag_id_2_58","5","ACGG"
"tag_id_2_633","5","AXG"
"tag_id_2_661","5","CCG"
"tag_id_2_705","5","ATCC"
"tag_id_2_935","5","G"
"tag_id_2_98","5","GAGA"
"tag_id_251","5","AAA"
"tag_id_275","5","GCT"
"tag_id_3194","5","ATAT"
"tag_id_3221","5","GCCC"
"tag_id_381","5","GTACAA"
"tag_id_3920","5","XCAGAG"
"tag_id_423","5","AC"
"tag_id_425","5","TGGT"
"tag_id_481","5","TGTCGGGCGCAACTTCCATGA"
"tag_id_4969","5","GGGTTAC"
"tag_id_5385","5","GGC"
"tag_id_542","5","CTT"
"tag_id_5686","5","AGCG"
"tag_id_5720","5","GTCG"
"tag_id_650","5","AGTCTG"
"tag_id_695","5","TAAX"
"tag_id_787","5","TCA"
"tag_id_826","5","TTC"
"tag_id_871","5","GCCGCGGA"
"tag_id_945","5","GAAATCAC"
"Ots_102457-132","6","AGCTGT"
"Ots_112301-43","6","GA"
"Ots_118938-325","6","TGT"
"Ots_123921-111","6","AGC"
"tag_id_1030","6","GGAC"
"tag_id_1281","6","CTACC"
"tag_id_1413","6","CA"
"tag_id_1425","6","AAAAATTA"
"tag_id_1551","6","GCC"
"tag_id_1629","6","GAAGTGTCAGGCTTCC"
"tag_id_1692","6","CAACAAA"
"tag_id_2_1114","6","TA"
"tag_id_2_123","6","ACTTT"
"tag_id_2_1268","6","C"
"tag_id_2_1348","6","AXGCGCGCG"
"tag_id_2_1382","6","TGG"
"tag_id_2_206","6","CACCG"
"tag_id_2_2275","6","AGCTCGGATACGACTACATGAACGC"
"tag_id_2_234","6","CC"
"tag_id_2_284","6","TGA"
"tag_id_2_2973","6","TTTGTAGG"
"tag_id_2_311","6","GT"
"tag_id_2_3182","6","TATGCTGXXT"
"tag_id_2_332","6","CG"
"tag_id_2_40","6","TGAATGGTGGAAG"
"tag_id_2_633","6","CAG"
"tag_id_251","6","GGC"
"tag_id_3194","6","ACTC"
"tag_id_3920","6","GGTAGG"
"tag_id_423","6","TGCAATA"
"tag_id_425","6","CGGX"
"tag_id_481","6","TTTCGGGTGCAACTTCCATGA"
"tag_id_4969","6","AAGCTTC"
"tag_id_542","6","CTC"
"tag_id_650","6","AGACTG"
"tag_id_787","6","GCA"
"tag_id_945","6","GCCGTCGA"
"Ots_102457-132","7","GGCGGT"
"Ots_123921-111","7","TAAC"
"tag_id_1030","7","TTCC"
"tag_id_1425","7","AAATTTT"
"tag_id_1551","7","GCTC"
"tag_id_1629","7","GAAGCGTCAGGCTTCC"
"tag_id_1692","7","CAA"
"tag_id_2_1114","7","TGTT"
"tag_id_2_123","7","AAAAC"
"tag_id_2_1348","7","AATAACGCG"
"tag_id_2_1382","7","AATGGG"
"tag_id_2_2275","7","AGCTCGGATATGACTACATGAATGC"
"tag_id_2_2973","7","TGAGAGAAA"
"tag_id_2_3182","7","TGTGCTTTGGTTTTCGGAGA"
"tag_id_2_332","7","CCA"
"tag_id_2_40","7","CAAGTGGTGAGAGAATGT"
"tag_id_2_633","7","ATGACAGC"
"tag_id_251","7","GTGACC"
"tag_id_3194","7","ACATTC"
"tag_id_3920","7","XGTAGG"
"tag_id_423","7","AAGTTCC"
"tag_id_481","7","TGTCGGTTGCAACTTCCATGA"
"tag_id_4969","7","GAGCAAC"
"tag_id_542","7","TCC"
"tag_id_650","7","GGTTCA"
"tag_id_787","7","TTG"
"Ots_102457-132","8","GGCGAT"
"Ots_123921-111","8","CAA"
"tag_id_1030","8","GTAC"
"tag_id_1425","8","AAAAATT"
"tag_id_1551","8","GC"
"tag_id_1629","8","TGCGTAGGTTAACATA"
"tag_id_2_1114","8","TTGT"
"tag_id_2_1348","8","AATGAAGCT"
"tag_id_2_2275","8","AGCTCGGATACGACTACATCAACGC"
"tag_id_2_3182","8","TACGC"
"tag_id_2_40","8","CAAGTGGTGAGAGGAATAT"
"tag_id_2_633","8","AAA"
"tag_id_3194","8","ACAATT"
"tag_id_423","8","AAGTACC"
"tag_id_481","8","TGTCGGGTGCAAATTCCATGA"
"tag_id_4969","8","GAGTTAC"
"tag_id_542","8","TCT"
"tag_id_787","8","CTCA"
"Ots_102457-132","9","GGCAGT"
"Ots_123921-111","9","TAG"
"tag_id_1030","9","GGAT"
"tag_id_1425","9","AAAATTT"
"tag_id_1551","9","GCTG"
"tag_id_1629","9","GAAGTGTCAGGCCTCC"
"tag_id_2_1114","9","TGCA"
"tag_id_2_2275","9","GAACTTCTAAACCACGTCTTXTATGTACGC"
"tag_id_2_3182","9","AATGCGTXXAGTCGTGGCGC"
"tag_id_2_40","9","TGGACTATGTGAGCAATGA"
"tag_id_2_633","9","ACAATGAT"
"tag_id_3194","9","TTAATT"
"tag_id_423","9","AACAATC"
"tag_id_481","9","TGGTCGGGGTGCAAATTCCATCGA"
"tag_id_4969","9","GAGTTAT"
"tag_id_542","9","CGTG"
"Ots_123921-111","10","CAT"
"tag_id_1030","10","TTAC"
"tag_id_1425","10","ATTTTTTG"
"tag_id_1551","10","GTCG"
"tag_id_1629","10","A"
"tag_id_2_2275","10","CCTGAGCGC"
"tag_id_2_3182","10","TATGATTTGGTTTTCAGAGA"
"tag_id_2_40","10","TGAATGGCAAGTTGCTCGA"
"tag_id_3194","10","ATAAGT"
"tag_id_481","10","TGTTCGGGGTGCAACTTCCATCGA"
"tag_id_1629","11","TGCGXTTAGGTTCAACAGTCA"
"tag_id_2_2275","11","AGCTTCGGATAACACGACTTACATGAACGC"
"tag_id_2_3182","11","TATGCGTXXGGTCGCAGGAC"
"tag_id_2_40","11","TGGACTATGTGAGAATGA"
"tag_id_481","11","TGGTCGGGGCGCAACTTCCATCGA"
"tag_id_1629","12","TAAGAGTGTCAGCGCTTTCCA"
"tag_id_2_2275","12","GGCTTCGGATAATGCGACTTACATGAACGC"
"tag_id_2_3182","12","TATGCGTXXGTTCGCGGGTC"
"tag_id_2_40","12","TGAATGGCAAGTTCTCGA"
"tag_id_481","12","TGGCTGAGGTGCAC"
"tag_id_2_3182","13","TATGCTTTXGGTCGCAGGGC"
"tag_id_2_40","13","CAAGTGGTGAGAGGAATGT"
"tag_id_481","13","CAGTCAGGGTACGATCTTCGCCGA"
"tag_id_2_40","14","TGGACGACGAGAG"
"tag_id_2_3182","15","TATGCGTXXG"
"tag_id_2_40","15","TGGACTATGAGAGCAATGA"
"tag_id_2_40","16","TGGACTATGAGAGCAATGA"
